Metric,Value
MAE,0.7152238
RMSE,1.023298
PMAE (%),0.35170767
PRMSE (%),0.4505703
