Metric,Value
MAE,1.1159761
RMSE,1.4465737
PMAE (%),0.5528682
PRMSE (%),0.647934
