Metric,Value
MAE,0.7868519
RMSE,1.086426
PMAE (%),0.37085527
PRMSE (%),0.47455984
