Metric,Value
MAE,30.287294
RMSE,36.720276
PMAE (%),0.31471172
PRMSE (%),0.3216246
