Sample,Hour_Ahead,True_Value,Predicted_Value
1,1,128.28671,106.96679
2,1,123.99999,118.41849
3,1,161.7,128.62315
4,1,82.4,79.23294
5,1,102.0,57.641617
6,1,161.09999,201.59496
7,1,52.000004,31.18035
8,1,115.99999,84.17396
9,1,133.0,160.59863
10,1,106.99999,143.06133
