Metric,Value
MAE,90.03721
RMSE,128.3889
PMAE (%),0.37536162
PRMSE (%),0.4470992
