Metric,Value
MAE,78.58579
RMSE,118.722466
PMAE (%),0.32749066
PRMSE (%),0.40183052
