Sample,Hour_Ahead,True_Value,Predicted_Value
1,1,4.2594404,2.6833217
2,1,2.5,2.0242128
3,1,4.7000003,2.9384334
4,1,1.0,1.5209913
5,1,2.2,1.5944774
6,1,2.3,2.6951544
7,1,1.1999999,1.1524088
8,1,2.0,1.992469
9,1,2.6000001,2.6249075
10,1,3.3,2.7957747
