Metric,Value
MAE,0.6453302
RMSE,1.051408
PMAE (%),0.34178448
PRMSE (%),0.51147294
