Metric,Value
MAE,20.38729
RMSE,27.476868
PMAE (%),0.18716906
PRMSE (%),0.23983757
