Sample,Hour_Ahead,True_Value,Predicted_Value
1,1,128.28671,119.54416
2,1,123.99999,99.273384
3,1,161.7,142.70464
4,1,82.4,128.61095
5,1,102.0,97.73314
6,1,161.09999,167.25299
7,1,52.000004,55.673492
8,1,115.99999,143.1428
9,1,133.0,156.50998
10,1,106.99999,153.1397
