Metric,Value
MAE,14.04188
RMSE,19.230392
PMAE (%),0.1292406
PRMSE (%),0.16585283
