Metric,Value
MAE,80.94762
RMSE,122.8877
PMAE (%),0.34521154
PRMSE (%),0.43277743
