Metric,Value
MAE,20.539537
RMSE,28.225657
PMAE (%),0.18696386
PRMSE (%),0.24323407
