Metric,Value
MAE,55.02948
RMSE,87.15447
PMAE (%),0.23432592
PRMSE (%),0.29559508
