Sample,Hour_Ahead,True_Value,Predicted_Value
1,1,404.45456,401.19913
2,1,138.0,114.37796
3,1,596.0,469.2151
4,1,100.3,205.81207
5,1,316.0,313.75003
6,1,428.2,467.2121
7,1,217.0,117.16934
8,1,234.0,304.918
9,1,389.0,472.3125
10,1,445.0,619.3048
