Metric,Value
MAE,24.183012
RMSE,32.83167
PMAE (%),0.24872229
PRMSE (%),0.3266576
