Sample,Hour_Ahead,True_Value,Predicted_Value
1,1,4.2594404,3.8836346
2,1,2.5,2.2883687
3,1,4.7000003,3.6537654
4,1,1.0,1.4907473
5,1,2.2,1.8946345
6,1,2.3,2.764413
7,1,1.1999999,0.86448103
8,1,2.0,2.7314637
9,1,2.6000001,2.9802682
10,1,3.3,4.367314
