Metric,Value
MAE,0.4928829
RMSE,0.72835076
PMAE (%),0.22554539
PRMSE (%),0.28857014
