Metric,Value
MAE,99.442505
RMSE,142.71666
PMAE (%),0.5137782
PRMSE (%),0.5700225
