Metric,Value
MAE,26.01727
RMSE,33.74883
PMAE (%),0.23057951
PRMSE (%),0.29410118
