Metric,Value
MAE,0.70899475
RMSE,1.0046911
PMAE (%),0.3340059
PRMSE (%),0.4252004
