Metric,Value
MAE,157.6444
RMSE,182.65308
PMAE (%),1.0464913
PRMSE (%),0.6684882
