Sample,Hour_Ahead,True_Value,Predicted_Value
1,1,404.45456,340.94882
2,1,138.0,-30.922756
3,1,596.0,374.77066
4,1,100.3,3.2021325
5,1,316.0,15.820782
6,1,428.2,431.0229
7,1,217.0,3.9003906
8,1,234.0,94.507545
9,1,389.0,394.2179
10,1,445.0,556.36176
